{"list":[{"area":"서울특별시 동작구","phoneNumber":"02-2133-7654","centerName":"20190519TNRDAY","centerAddr":"  서울특별시 중구 태평로1가 세종대로 110 (태평로1가, 서울특별시 청사)   4층 동물보호과"},{"area":"전라남도 광양시","phoneNumber":"061-797-3386","centerName":"광양시 임시보호소","centerAddr":"  전라남도 광양시 봉강면 인덕로 1169-20 (봉강면)   "},{"area":"부산광역시 동구","phoneNumber":"051-293-9779","centerName":"사단법인 하얀비둘기","centerAddr":"  부산광역시 강서구 수가로 659-13 (범방동)   "},{"area":"부산광역시 북구","phoneNumber":"051-333-7584","centerName":"원 동물병원","centerAddr":"  부산광역시 북구 금곡대로 287 (화명동, 삼한골든뷰)   202호"},{"area":"경기도 안산시","phoneNumber":"0314103777","centerName":"이리온동물병원안산점","centerAddr":"  경기도 안산시 단원구 한양대학로 208 (고잔동)   2층 스타캣츠"},{"area":"충청남도 서산시","phoneNumber":"041-688-5998","centerName":"해미보호소","centerAddr":"  충청남도 서산시 해미면 큰골로 125 (해미면)   "},{"area":"충청남도 공주시","phoneNumber":"041-853-7575","centerName":"이기영수의과병원","centerAddr":"  충청남도 공주시 감영길 7 (반죽동)   "},{"area":"강원도 철원군","phoneNumber":"033-450-5394","centerName":"철원군","centerAddr":"  강원도 철원군 동송읍 장흥로 311 (동송읍, 철원군농업기술센타)   농업기술센터"},{"area":"경기도 파주시","phoneNumber":"031-949-9540","centerName":"파주독 애견호텔","centerAddr":"  경기도 파주시 탄현면 방촌로 732-96 (탄현면)   "},{"area":"대구광역시 서구","phoneNumber":"070-4293-0622","centerName":"대구시수의사회(더펫)","centerAddr":"  대구광역시 서구 서대구로 361 (비산동)   2층"},{"area":"전라북도 익산시","phoneNumber":"063-833-0124","centerName":"고려동물병원","centerAddr":"  전라북도 익산시 무왕로 1032 (영등동)   고려동물병원"},{"area":"경기도 이천시","phoneNumber":"031-882-4381","centerName":"위더스 동물보호센터","centerAddr":"  경기도 여주시 능서면 능서공원길 34 (능서면)   "},{"area":"경기도 수원시","phoneNumber":"031-215-7474","centerName":"오아시스 동물병원","centerAddr":"  경기도 수원시 영통구 센트럴타운로 107 (이의동, 광교푸르지오 월드마크, 월드스퀘어)   204동 2-06호 외"},{"area":"경기도 수원시","phoneNumber":"031-548-2475","centerName":"24시 숨 동물병원","centerAddr":"  경기도 수원시 권선구 권선로 715 (권선동)   1층"},{"area":"경기도 수원시","phoneNumber":"031-298-7502","centerName":"동물사랑동물병원","centerAddr":"  경기도 수원시 팔달구 일월로22번길 15 (화서동)   "},{"area":"경기도 수원시","phoneNumber":"031-245-7707","centerName":"늘푸른 동물병원","centerAddr":"  경기도 수원시 장안구 파장로 59 (정자동, 그린동물병원)   1층"},{"area":"경기도 수원시","phoneNumber":"031-203-8277","centerName":"닥터김 동물병원","centerAddr":"  경기도 수원시 영통구 봉영로 1623 (영통동, 드림피아빌딩)   124호"},{"area":"경기도 여주시","phoneNumber":"031-882-4381","centerName":"위더스 동물보호센터","centerAddr":"  경기도 여주시 능서면 능서공원길 34 (능서면)   "},{"area":"대구광역시 수성구","phoneNumber":"053-474-9820","centerName":"펫동물병원","centerAddr":"  대구광역시 수성구 달구벌대로 3144 (노변동)   펫동물병원"},{"area":"전라북도 완주군","phoneNumber":"010-4137-1009","centerName":"태산동물병원","centerAddr":"  전라북도 완주군 봉동읍 완주산단6로 267 (봉동읍)   "},{"area":"대구광역시 중구","phoneNumber":"053-255-8275","centerName":"대구시수의사회(원)","centerAddr":"  대구광역시 중구 동덕로8길 2 (대봉동)   "},{"area":"경상북도 의성군","phoneNumber":"010-8855-5661","centerName":"의성동물보호센터","centerAddr":"  경상북도 의성군 의성읍 치선오상길 438 (의성읍)   의성동물보호센터"},{"area":"부산광역시 영도구","phoneNumber":"051-293-9779","centerName":"하얀비둘기","centerAddr":"  부산광역시 강서구 수가로 659-13 (범방동)   "},{"area":"전라북도 정읍시","phoneNumber":"010-6314-3077","centerName":"정주동물병원","centerAddr":"  전라북도 정읍시 칠보면 칠보중앙로 77-4 (칠보면, 삼화식당)   정주동물병원"},{"area":"충청남도 서산시","phoneNumber":"041-666-2747","centerName":"성심동물의료센터","centerAddr":"  충청남도 서산시 안견로 312 (읍내동, 서원빌딩)   1층"},{"area":"서울특별시 서초구","phoneNumber":"02-6956-7980","centerName":"서초동물사랑센터","centerAddr":"  서울특별시 서초구 양재천로19길 22 (양재동, 숨빌딩)   서초동물사랑센터"},{"area":"전라북도 고창군","phoneNumber":"010-3657-2214","centerName":"연합동물병원","centerAddr":"  전라북도 고창군 고창읍 성산5길 9 (고창읍, 연합동물병원)   연합동물병원"},{"area":"전라남도 함평군","phoneNumber":"061-320-1935","centerName":"학교유기동물보호소","centerAddr":"  전라남도 함평군 학교면 송산길 84 (학교면)   월산리 806-1"},{"area":"경상남도 거창군","phoneNumber":"055-940-8140","centerName":"거창군 농업기술센터","centerAddr":"  경상남도 거창군 거창읍 거함대로 3322 (거창읍, 농업기술센터)   가축위생"},{"area":"충청북도 괴산군","phoneNumber":"010-3169-1151","centerName":"괴산증평동물보호센터","centerAddr":"  충청북도 증평군 도안면 입장길 239 (도안면)   "},{"area":"전라남도 무안군","phoneNumber":"061-450-4035","centerName":"유기동물보호소","centerAddr":"  전라남도 무안군 청계면 독골길 10-5 (청계면)   "},{"area":"경상남도 밀양시","phoneNumber":"010-5656-6665","centerName":"밀양시동물보호소","centerAddr":"  경상남도 밀양시 삼랑진읍 천태로 472 (삼랑진읍)   "},{"area":"전라남도 담양군","phoneNumber":"010-3604-1338","centerName":"담양군 동물보호 센터","centerAddr":"  전라남도 담양군 용면 시암골로 280-57 (용면)   :용면 두장리 21번지"},{"area":"경기도 수원시","phoneNumber":"031-232-5831","centerName":"한성동물병원","centerAddr":"  경기도 수원시 팔달구 중부대로42번길 9 (인계동)   한성동물병원"},{"area":"서울특별시 마포구","phoneNumber":"02-719-7502","centerName":"소망동물병원","centerAddr":"  서울특별시 마포구 신촌로 258 (아현동)   "},{"area":"경상남도 통영시","phoneNumber":"055-650-6252","centerName":"통영시 동물보호센터","centerAddr":"  경상남도 통영시 광도면 향교옆길 31 (광도면, 통영시농업기술센터)   "},{"area":"전라북도 김제시","phoneNumber":"063-547-3549","centerName":"전북말산업복합센터","centerAddr":"  전라북도 김제시 용지면 금백로 571-39 (용지면)   전북말산업복합센터"},{"area":"경기도 수원시","phoneNumber":"031-212-1999","centerName":"방실웃는 동물병원","centerAddr":"  경기도 수원시 영통구 인계로220번길 20 (매탄동)   "},{"area":"대구광역시 수성구","phoneNumber":"053-746-7111","centerName":"금강동물병원","centerAddr":"  대구광역시 수성구 동원로 150 (만촌동)   금강동물병원"},{"area":"대구광역시 수성구","phoneNumber":"053-752-7535","centerName":"허동물병원","centerAddr":"  대구광역시 수성구 수성동2가 명덕로 421 (수성동2가)   허동물병원"},{"area":"전라북도 김제시","phoneNumber":"063-540-3683","centerName":"김제시","centerAddr":"  전라북도 김제시 동서로 59 (교동, 김제시농업기술센터)   축산진흥과"},{"area":"전라남도 영암군","phoneNumber":"010-2050-5900","centerName":"유기동물 제1보호소","centerAddr":"  전라남도 영암군 덕진면 우도로 35-1 (덕진면)   "},{"area":"전라남도 구례군","phoneNumber":"010-3285-5325","centerName":"구례 보호소","centerAddr":"  전라남도 구례군 문척면 구성1길 74-20 (문척면)   "},{"area":"경상남도 거창군","phoneNumber":"055-942-8875","centerName":"나래동물병원","centerAddr":"  경상남도 거창군 거창읍 거창대로 13-2 (거창읍, 칠성슈퍼)   "},{"area":"경기도 부천시","phoneNumber":"032-323-4999","centerName":"cj동물병원","centerAddr":"  경기도 부천시 소향로 246 (중동, 새롬프라자6차)   "},{"area":"전라남도 광양시","phoneNumber":"061-792-7501","centerName":"광양동물메디컬센터","centerAddr":"  전라남도 광양시 사동로 70 (중동)   1층, 2층"},{"area":"울산광역시 남구","phoneNumber":"052-271-0075","centerName":"강남동물병원","centerAddr":"  울산광역시 남구 돋질로 232 (달동)   1층"},{"area":"서울특별시 마포구","phoneNumber":"02-3482-0999","centerName":"동물보호시민단체카라","centerAddr":"  서울특별시 마포구 잔다리로 122 (서교동)   동물보호시민단체 카라"},{"area":"경기도 부천시","phoneNumber":"032-665-0075","centerName":"가나동물병원","centerAddr":"  경기도 부천시 경인로 72 (송내동)   "},{"area":"경상북도 경산시","phoneNumber":"010-3506-3661","centerName":"경산시유기동물보호소","centerAddr":"  경상북도 경산시 용성면 육동로 220-18 (용성면)   경산시 유기 동물 보호소"},{"area":"경상북도 경산시","phoneNumber":"010-3506-3661","centerName":"자인동물병원","centerAddr":"  경상북도 경산시 자인면 자인로 193-1 (자인면)   자인동물병원"},{"area":"충청남도 서산시","phoneNumber":"041-667-5525","centerName":"서산동물병원","centerAddr":"  충청남도 서산시 안견로 235 (동문동)   "},{"area":"경기도 화성시","phoneNumber":"031-355-7534","centerName":"남양유기견보호센터","centerAddr":"  경기도 화성시 남양읍 화성로 1483-27 (남양읍)   "},{"area":"대구광역시 달성군","phoneNumber":"053-633-7579","centerName":"명곡역동물병원","centerAddr":"  대구광역시 달성군 화원읍 비슬로 2490 (화원읍)   옥포면 관할"},{"area":"대구광역시 달성군","phoneNumber":"053-585-1195","centerName":"119동물병원","centerAddr":"  대구광역시 달성군 다사읍 달구벌대로 893 (다사읍, 대실요양병원 장례식장)   다사읍, 하빈면 관할"},{"area":"서울특별시 강동구","phoneNumber":"070-4163-7350","centerName":"강동리본센터(reborn)","centerAddr":"  서울특별시 강동구 양재대로81길 73 (성내동)   강동구 유기동물 분양센터(reborn)"},{"area":"서울특별시 은평구","phoneNumber":"02-2133-7654","centerName":"2017TNRDAY","centerAddr":"  서울특별시 중구 태평로1가 세종대로 110 (태평로1가, 서울시청)   "},{"area":"경기도 하남시","phoneNumber":"031-793-7802","centerName":"하남동물병원","centerAddr":"  경기도 하남시 신평로 37 (덕풍동)   하남동물병원"},{"area":"경상북도 경주시","phoneNumber":"010-2230-6303","centerName":"가나동물병원","centerAddr":"  경상북도 경주시 금성로 385 (성건동)   "},{"area":"전라남도 신안군","phoneNumber":"010-3619-0850","centerName":"신안군동물보호소","centerAddr":"  전라남도 무안군 삼향읍 석매길 36 (삼향읍)   "},{"area":"경상북도 문경시","phoneNumber":"054-552-2233","centerName":"종합가축병원","centerAddr":"  경상북도 문경시 중앙로 170 (흥덕동)   종합가축병원"},{"area":"경기도 시흥시","phoneNumber":"031-310-2324","centerName":"시흥시농업기술센터","centerAddr":"  경기도 시흥시 관곡지로 139 (하중동, 생명농업기술센터)   "},{"area":"충청남도 논산시","phoneNumber":"041-746-6115","centerName":"논산시청","centerAddr":"  충청남도 논산시 시민로210번길 9 (내동, 논산시청)   논산시청"},{"area":"경기도 파주시","phoneNumber":"031-948-7579","centerName":"야당동물병원","centerAddr":"  경기도 파주시 경의로 1100 (야당동)   201호"},{"area":"경기도 파주시","phoneNumber":"031-952-7576","centerName":"로뎀동물병원","centerAddr":"  경기도 파주시 문산읍 방촌로 1636 (문산읍, 강산설렁탕)   "},{"area":"전라남도 영암군","phoneNumber":"010-9599-5400","centerName":"유기동물 삼호 보호소","centerAddr":"  전라남도 영암군 삼호읍 녹색로 1117-49 (삼호읍)   "},{"area":"경기도 파주시","phoneNumber":"031-945-5365","centerName":"파주365동물의료센터","centerAddr":"  경기도 파주시 책향기로 573 (목동동)   "},{"area":"경기도 파주시","phoneNumber":"031-942-7583","centerName":"팻파라다이스","centerAddr":"  경기도 파주시 청암로17번길 17 (목동동, 홈플러스 파주운정점)   2층 17호"},{"area":"경기도 파주시","phoneNumber":"031-935-5009","centerName":"미엘동물병원","centerAddr":"  경기도 파주시 청석로 264 (동패동)   2층 201호 거북목프라자"},{"area":"경기도 파주시","phoneNumber":"031-945-7552","centerName":"가온동물병원","centerAddr":"  경기도 파주시 가온로 116 (목동동)   "},{"area":"경기도 파주시","phoneNumber":"031-948-3375","centerName":"금릉동물병원","centerAddr":"  경기도 파주시 금빛로 19 (금촌동, 파주프라임타워)   "},{"area":"부산광역시 부산진구","phoneNumber":"051-971-6208","centerName":"동물보호관리협회","centerAddr":"  부산광역시 강서구 가락대로1283번길 25-2 (봉림동)   "},{"area":"대구광역시 달성군","phoneNumber":"053-424-4258","centerName":"동인동물병원","centerAddr":"  대구광역시 중구 동인동4가 국채보상로 724 (동인동4가)   가창면 관할"},{"area":"전라북도 전주시","phoneNumber":"063-281-0075","centerName":"늘푸른동물병원","centerAddr":"  전라북도 전주시 완산구 다가동3가 충경로 11 (다가동3가, 늘푸른동물병원)   "},{"area":"경상북도 경주시","phoneNumber":"010-3841-6303","centerName":"공원옆동물병원","centerAddr":"  경상북도 경주시 용담로 12 (황성동)   "},{"area":"충청남도 당진시","phoneNumber":"041-356-8210","centerName":"당진시동물보호소","centerAddr":"  충청남도 당진시 고대면 연동로 30-6 (고대면)   "},{"area":"부산광역시 금정구","phoneNumber":"051-701-7599","centerName":"누리동물병원","centerAddr":"  부산광역시 해운대구 송정2로13번길 46 (송정동)   "},{"area":"경상남도 통영시","phoneNumber":"055-648-7582","centerName":"사랑애완동물병원","centerAddr":"  경상남도 통영시 광도면 죽림3로 33 (광도면)   사랑애완동물병원"},{"area":"대구광역시 남구","phoneNumber":"053-964-6258","centerName":"대구유기동물보호센터","centerAddr":"  대구광역시 동구 금강로 151-13 (금강동)   "},{"area":"충청북도 청주시","phoneNumber":"043-231-0047","centerName":"반려동물보호센터","centerAddr":"  충청북도 청주시 흥덕구 강내면 서부로 411-55 (강내면)   "},{"area":"울산광역시 울주군","phoneNumber":"052-262-6114","centerName":"초록동물병원","centerAddr":"  울산광역시 울주군 삼남면 중평로 85 (삼남면)   "},{"area":"경기도 수원시","phoneNumber":"031-221-2410","centerName":"두리동물클리닉","centerAddr":"  경기도 수원시 팔달구 매산로3가 효원로 53 (매산로3가)   "},{"area":"경상북도 울릉군","phoneNumber":"054-790-6467","centerName":"울릉군농업기술센터","centerAddr":"  경상북도 울릉군 울릉읍 간령길 83-18 (울릉읍)   울릉군농업기술센터"},{"area":"전라남도 순천시","phoneNumber":"061-749-3094","centerName":"순천시","centerAddr":"  전라남도 순천시 승주읍 승주로 628 (승주읍, 농업기술센타)   "},{"area":"전라남도 곡성군","phoneNumber":"061-360-7485","centerName":"푸른곡성(임시)","centerAddr":"  전라남도 곡성군 곡성읍 군청로 50 (곡성읍)   (군청주소. 보호소는 구원리 888번지 위치)"},{"area":"충청남도 예산군","phoneNumber":"070-4177-1023","centerName":"KU건국동물병원","centerAddr":"  충청남도 예산군 예산읍 벚꽃로 153 (예산읍)   1층 KU건국동물병원"},{"area":"서울특별시 강동구","phoneNumber":"02-3425-6012","centerName":"강동구","centerAddr":"  서울특별시 강동구 성내로 25 (성내동, 강동구청)   강동구청"},{"area":"부산광역시 사하구","phoneNumber":"051-971-6208","centerName":"유기동물및동물보호협","centerAddr":"  부산광역시 강서구 가락대로1283번길 25-2 (봉림동)   "},{"area":"경상북도 영천시","phoneNumber":"054-339-7179","centerName":"영천유기동물보호센터","centerAddr":"  경상북도 영천시 천문로 622-13 (오미동, 영천시농업기술센터)   "},{"area":"울산광역시 남구","phoneNumber":"052-268-8884","centerName":"리틀쥬동물의료원","centerAddr":"  울산광역시 남구 봉월로 104 (신정동)   "},{"area":"전라북도 진안군","phoneNumber":"063-432-1045","centerName":"유가축병원","centerAddr":"  전라북도 진안군 진안읍 대광길 8 (진안읍)   "},{"area":"충청북도 제천시","phoneNumber":"043-647-0059","centerName":"제천시 동물보호센터","centerAddr":"  충청북도 제천시 청풍호로4가길 1 (영천동)   "},{"area":"경상북도 청송군","phoneNumber":"054-870-6282","centerName":"점곡동물보호센터","centerAddr":"  경상북도 청송군 현동면 청송로 3128-135 (현동면)   "},{"area":"경기도 김포시","phoneNumber":"031-980-2826","centerName":"김포농업기술센터","centerAddr":"  경기도 김포시 월곶면 오리정로 13 (월곶면, 농업기술센터)   농정과 가축방역팀"},{"area":"대구광역시 수성구","phoneNumber":"053-768-7543","centerName":"예스동물병원","centerAddr":"  대구광역시 수성구 동대구로 207 (황금동)   "},{"area":"경기도 파주시","phoneNumber":"031-942-7524","centerName":"웰니스클리닉","centerAddr":"  경기도 파주시 한울로 123 (동패동, 이마트운정점)   2층, 웰니스클리닉"},{"area":"대구광역시 달성군","phoneNumber":"053-634-7975","centerName":"화원연합동물병원","centerAddr":"  대구광역시 달성군 화원읍 사문진로 447 (화원읍)   화원읍 관할"},{"area":"대구광역시 달성군","phoneNumber":"053-614-3775","centerName":"달성축산동물병원","centerAddr":"  대구광역시 달성군 현풍면 원교길 6 (현풍면)   구지면 관할"},{"area":"대구광역시 달성군","phoneNumber":"053-614-3570","centerName":"현풍동물병원","centerAddr":"  대구광역시 달성군 현풍면 현풍중앙로 28 (현풍면)   현풍면, 유가면 관할"},{"area":"대구광역시 달성군","phoneNumber":"053-616-2478","centerName":"포산동물병원","centerAddr":"  대구광역시 달성군 현풍면 비슬로 614-1 (현풍면)   논공읍 관할"},{"area":"경기도 화성시","phoneNumber":"031-355-5883","centerName":"수성동물병원","centerAddr":"  경기도 화성시 남양읍 남양성지로 34 (남양읍)   "},{"area":"대구광역시 수성구","phoneNumber":"053-751-6693","centerName":"신세계동물병원","centerAddr":"  대구광역시 수성구 수성동1가 명덕로 393 (수성동1가)   "},{"area":"대구광역시 수성구","phoneNumber":"053-756-8290","centerName":"제니스동물병원","centerAddr":"  대구광역시 수성구 달구벌대로 2475 (범어동)   "},{"area":"대구광역시 서구","phoneNumber":"053-552-0075","centerName":"대구시수의사회(더난)","centerAddr":"  대구광역시 서구 국채보상로 176 (중리동)   "},{"area":"대구광역시 서구","phoneNumber":"053-573-1175","centerName":"대구수의사회(아이펫)","centerAddr":"  대구광역시 서구 서대구로 64 (평리동)   "},{"area":"대구광역시 서구","phoneNumber":"053-559-9020","centerName":"대구시수의사회(보경)","centerAddr":"  대구광역시 서구 달서로 165 (비산동)   "},{"area":"대구광역시 서구","phoneNumber":"053-556-8575","centerName":"대구시수의사회(삼성)","centerAddr":"  대구광역시 서구 서대구로 24 (내당동)   "},{"area":"경기도 파주시","phoneNumber":"031-942-3575","centerName":"스마일양한방동물병원","centerAddr":"  경기도 파주시 금빛로 44 (금촌동, 마이프라자)   203호"},{"area":"강원도 강릉시","phoneNumber":"033-641-7515","centerName":"강릉시 동물보호소","centerAddr":"  강원도 강릉시 성산면 내맬길 172 (성산면, 유기동물보호소)   "},{"area":"경기도 화성시","phoneNumber":"010-3580-9913","centerName":"청산동물병원","centerAddr":"  경기도 화성시 우정읍 3.1만세로 29 (우정읍)   "},{"area":"전라북도 고창군","phoneNumber":"063-562-9154","centerName":"더나은동물병원","centerAddr":"  전라북도 고창군 고창읍 성산8길 39-10 (고창읍, 더나은동물병원)   "},{"area":"전라북도 완주군","phoneNumber":"010-8668-7582","centerName":"연합동물병원","centerAddr":"  전라북도 완주군 용진면 완주로 174 (용진면, 용진면사무소)   "},{"area":"서울특별시 서초구","phoneNumber":"031-867-9119","centerName":"한국동물구조관리협회","centerAddr":"  경기도 양주시 남면 감악산로 63-37 (남면)   "},{"area":"경기도 고양시","phoneNumber":"031-962-3232","centerName":"고양시동물보호센터","centerAddr":"  경기도 고양시 덕양구 고양대로 1695 (원흥동, 고양시 농업기술센터)   고양시동물보호센터"},{"area":"인천광역시 연수구","phoneNumber":"032-515-7567","centerName":"인천광역시수의사회","centerAddr":"  인천광역시 계양구 다남로165번길 56 (다남동, 유기동물보호소)   "},{"area":"서울특별시 용산구","phoneNumber":"02-707-2235","centerName":"민트동물병원","centerAddr":"  서울특별시 용산구 원효로 51 (산천동, 삼성테마트)   119호"},{"area":"서울특별시 금천구","phoneNumber":"031-867-9119","centerName":"한국동물구조관리협회","centerAddr":"  경기도 양주시 남면 감악산로 63-37 (남면)   "},{"area":"경상북도 영양군","phoneNumber":"010-3804-1700","centerName":"영양군유기동물보호소","centerAddr":"  경상북도 영양군 입암면 마령산해로 1202 (입암면)   ."},{"area":"경상북도 봉화군","phoneNumber":"054-679-6865","centerName":"봉화군유기동물보호소","centerAddr":"  경상북도 봉화군 봉성면 농업인길 24 (봉성면)   봉화군농업기술센터"},{"area":"강원도 정선군","phoneNumber":"033-563-0198","centerName":"정선가축병원","centerAddr":"  강원도 정선군 정선읍 정선로 1321 (정선읍)   "},{"area":"경기도 과천시","phoneNumber":"031-355-5883","centerName":"수성동물병원","centerAddr":"  경기도 화성시 남양성지로 34 (남양동)   "},{"area":"울산광역시 중구","phoneNumber":"052-238-6113","centerName":"울산유기동물보호센터","centerAddr":"  울산광역시 울주군 온양읍 화산발리로 543 (온양읍)   "},{"area":"강원도 홍천군","phoneNumber":"033-434-9435","centerName":"홍천군유기동물보호소","centerAddr":"  강원도 홍천군 화촌면 둔덕이길 68 (화촌면, 홍천군유기동물보호센터)   "},{"area":"경기도 수원시","phoneNumber":"031-203-7559","centerName":"준수동물병원","centerAddr":"  경기도 수원시 영통구 영통동   986-7"},{"area":"전라북도 전주시","phoneNumber":"063-253-5677","centerName":"하나동물병원","centerAddr":"  전라북도 전주시 덕진구 덕진동2가 송천중앙로 17 (덕진동2가)   "},{"area":"충청북도 음성군","phoneNumber":"043-882-8975","centerName":"테오종합동물병원","centerAddr":"  충청북도 음성군 금왕읍 음성로 1203   "},{"area":"충청북도 음성군","phoneNumber":"043-871-3712","centerName":"음성군청","centerAddr":"  충청북도 음성군 음성읍 중앙로 173   음성군청 축산식품과"},{"area":"경상북도 김천시","phoneNumber":"010-3477-7771","centerName":"김천시 동물보호센터","centerAddr":"  경상북도 김천시 조마로 2128 (양천동)   "},{"area":"경기도 광주시","phoneNumber":"031-322-7586","centerName":"죽전TNR동물병원","centerAddr":"  경기도 용인시 처인구 모현면 대지로 407 (모현면)   "},{"area":"강원도 화천군","phoneNumber":"033-440-2941","centerName":"화천군농업기술센터","centerAddr":"  강원도 화천군 화천읍 산천어길 206   화천군농업기술센터"},{"area":"전라남도 여수시","phoneNumber":"061-659-4419","centerName":"임시(직접)보호","centerAddr":"  전라남도 여수시 주동1길 32 (주삼동, 여수시농업기술센터)   "},{"area":"강원도 정선군","phoneNumber":"033-563-6563","centerName":"다나동물병원","centerAddr":"  강원도 정선군 정선읍 정선로 1310   "},{"area":"서울특별시 동대문구","phoneNumber":"031-867-9119","centerName":"한국동물구조관리협회","centerAddr":"  경기도 양주시 남면 감악산로 63-37   "},{"area":"전라남도 영광군","phoneNumber":"010-9188-5525","centerName":"불갑동물임시보호소","centerAddr":"  전라남도 영광군 불갑면 함영로 2758   "},{"area":"경기도 성남시","phoneNumber":"031-714-8392","centerName":"펫토피아동물병원","centerAddr":"  경기도 성남시 분당구 불정로 266 (수내동, 유신제일조합)   "},{"area":"서울특별시 강남구","phoneNumber":"02-545-8575","centerName":"강남25시동물병원","centerAddr":"  서울특별시 강남구 학동로 324 (논현동)   "},{"area":"충청남도 서천군","phoneNumber":"041-950-4388","centerName":"서천유기동물보호소","centerAddr":"  충청남도 서천군 마산면 한마로 1189-19   "},{"area":"서울특별시 중랑구","phoneNumber":"031-867-9119","centerName":"한국동물구조관리협회","centerAddr":"  경기도 양주시 남면 감악산로 63-37   "},{"area":"서울특별시 마포구","phoneNumber":"02-375-7222","centerName":"상암 동물병원","centerAddr":"  서울특별시 마포구 월드컵북로 336 (상암동)   상암동34-46"},{"area":"서울특별시 마포구","phoneNumber":"02-337-7575","centerName":"웰케어 동물병원","centerAddr":"  서울특별시 마포구 월드컵북로 27 (서교동, 이화빌딩)   서교동447-2"},{"area":"서울특별시 종로구","phoneNumber":"031-867-9119","centerName":"한국동물구조관리협회","centerAddr":"  경기도 양주시 남면 감악산로 63-37   "},{"area":"전라남도 진도군","phoneNumber":"061-540-6322","centerName":"진도군청","centerAddr":"  전라남도 진도군 진도읍 성죽골길 30   진도개사업소"},{"area":"전라남도 장흥군","phoneNumber":"061-860-6729","centerName":"장흥군","centerAddr":"  전라남도 장흥군 안양면 우드랜드길 288 (안양면, 남도국제교육원)   축산사업소"},{"area":"충청남도 보령시","phoneNumber":"010-5427-7210","centerName":"보령시임시동물보호소","centerAddr":"  충청남도 보령시 녹문3길 7 (내항동)   "},{"area":"경상북도 군위군","phoneNumber":"054-380-6183","centerName":"군위군청","centerAddr":"  경상북도 군위군 군위읍 군청로 200   군위군청"},{"area":"부산광역시 중구","phoneNumber":"051-832-7119","centerName":"부산동물보호센터","centerAddr":"  부산광역시 강서구 맥도강변길 752-15 (대저2동)   "},{"area":"강원도 삼척시","phoneNumber":"010-9492-4912","centerName":"삼척시유기동물보호소","centerAddr":"  강원도 삼척시 척주로 131 (정상동, 밀레니엄세탁)   "},{"area":"부산광역시 수영구","phoneNumber":"051-701-7599","centerName":"누리동물병원","centerAddr":"  부산광역시 해운대구 송정2로13번길 46 (송정동)   "},{"area":"부산광역시 동래구","phoneNumber":"051-701-7599","centerName":"누리동물병원","centerAddr":"  부산광역시 해운대구 송정2로13번길 46 (송정동)   누리동물병원"},{"area":"경기도 연천군","phoneNumber":"031-867-9119","centerName":"한국동물구조관리협회","centerAddr":"  경기도 양주시 남면 감악산로 63-37   "},{"area":"서울특별시 관악구","phoneNumber":"02-837-8875","centerName":"러브펫종합동물병원","centerAddr":"  서울특별시 관악구 남부순환로 1429 (신림동)   "},{"area":"강원도 인제군","phoneNumber":"033-460-2265","centerName":"인제군","centerAddr":"  강원도 인제군 인제읍 비봉로44번길 105   "},{"area":"전라북도 남원시","phoneNumber":"063-634-7582","centerName":"하나동물병원","centerAddr":"  전라북도 남원시 왕정동 67   "},{"area":"경상남도 남해군","phoneNumber":"055-862-5041","centerName":"이동가축병원","centerAddr":"  경상남도 남해군 이동면 무림로 34   이동가축병원"},{"area":"경상북도 고령군","phoneNumber":"054-955-0058","centerName":"라파동물병원","centerAddr":"  경상북도 고령군 대가야읍 쾌빈3길 2 (대가야읍)   라파동물병원"},{"area":"전라북도 남원시","phoneNumber":"063-636-2873","centerName":"강동물병원","centerAddr":"  전라북도 남원시 인월면 인월리 249-1   "},{"area":"광주광역시 북구","phoneNumber":"062-571-2808","centerName":"광주 동물보호소","centerAddr":"  광주광역시 북구 본촌마을길 25 (본촌동, 건국동사무소)   광주 동물보호소"},{"area":"경기도 파주시","phoneNumber":"031-944-8288","centerName":"나은동물병원","centerAddr":"  경기도 파주시 새꽃로 207 (아동동)   나은동물병원"},{"area":"광주광역시 남구","phoneNumber":"062-571-2808","centerName":"광주 동물보호소","centerAddr":"  광주광역시 북구 본촌마을길 25 (본촌동, 건국동사무소)   광주 동물보호소"},{"area":"광주광역시 동구","phoneNumber":"062-571-2808","centerName":"광주 동물보호소","centerAddr":"  광주광역시 북구 본촌마을길 25 (본촌동, 건국동사무소)   광주 동물보호소"},{"area":"광주광역시 서구","phoneNumber":"062-571-2808","centerName":"광주 동물보호소","centerAddr":"  광주광역시 북구 본촌마을길 25 (본촌동, 건국동사무소)   광주 동물보호소"},{"area":"광주광역시 광산구","phoneNumber":"062-571-2808","centerName":"광주 동물보호소","centerAddr":"  광주광역시 북구 본촌마을길 25 (본촌동, 건국동사무소)   광주 동물보호소"},{"area":"경기도 파주시","phoneNumber":"031-954-7588","centerName":"쿨펫동물병원(문산)","centerAddr":"  경기도 파주시 문산읍 방촌로 1759   쿨펫동물병원"},{"area":"경기도 파주시","phoneNumber":"031-957-0075","centerName":"행복한동물병원","centerAddr":"  경기도 파주시 중앙로 241 (금촌동, 한샘파주키친프라자)   행복한동물병원"},{"area":"강원도 춘천시","phoneNumber":"033-250-4773","centerName":"춘천시 동물보호센터","centerAddr":"  강원도 춘천시 신샘밭로 213 (신동)   신동 1206-13번지"},{"area":"경기도 파주시","phoneNumber":"031-944-5575","centerName":"파주24시동물병원","centerAddr":"  경기도 파주시 교하로 87 (목동동)   삼성프라자 201"},{"area":"경기도 파주시","phoneNumber":"031-953-1183","centerName":"버디종합동물병원","centerAddr":"  경기도 파주시 문산읍 문산역로 77   버디종합동물병원"},{"area":"경기도 파주시","phoneNumber":"031-953-7570","centerName":"문산동물병원","centerAddr":"  경기도 파주시 문산읍 문향로 35   문산동물병원"},{"area":"경기도 파주시","phoneNumber":"031-8071-2060","centerName":"라임동물병원","centerAddr":"  경기도 파주시 순못길 6-18 (다율동)   라임동물병원"},{"area":"경기도 파주시","phoneNumber":"031-944-9979","centerName":"금쪽같은","centerAddr":"  경기도 파주시 가재울로94번길 27 (목동동)   "},{"area":"전라북도 익산시","phoneNumber":"010-3659-2380","centerName":"익산유기동물보호소","centerAddr":"  전라북도 익산시 서동로42길 77 (용제동)   16통 1반"},{"area":"대전광역시 중구","phoneNumber":"042-825-1118","centerName":"대전동물보호센터","centerAddr":"  대전광역시 유성구 갑동로15번길 20-39 (갑동)   "},{"area":"대구광역시 중구","phoneNumber":"053-254-3366","centerName":"대구시수의사회(동산)","centerAddr":"  대구광역시 중구 남성로 서성로 34 (남성로)   "},{"area":"대구광역시 중구","phoneNumber":"053-256-6100","centerName":"대구시수의사회(고려)","centerAddr":"  대구광역시 중구 중앙대로 333 (남산동)   "},{"area":"대구광역시 중구","phoneNumber":"053-426-1731","centerName":"대구시수의사회(삼덕)","centerAddr":"  대구광역시 중구 삼덕동1가 달구벌대로 2145   "},{"area":"대구광역시 중구","phoneNumber":"070-4466-1575","centerName":"대구시수의사회(동인)","centerAddr":"  대구광역시 중구 동인동4가 국채보상로 724   "},{"area":"경상북도 예천군","phoneNumber":"010-9562-0975","centerName":"예천군유기동물보호소","centerAddr":"  경상북도 예천군 예천읍 충효로 632-84 (예천읍, 유기동물보호소)   "},{"area":"강원도 속초시","phoneNumber":"033-633-2519","centerName":"유기동물보호소","centerAddr":"  강원도 속초시 대포동 159-13   "},{"area":"제주특별자치도","phoneNumber":"064-710-4067","centerName":"제주유기동물보호센터","centerAddr":"  제주특별자치도 제주시 첨단동길 184-14 (용강동)   "},{"area":"서울특별시 강동구","phoneNumber":"031-867-9119","centerName":"한국동물구조관리협회","centerAddr":"  경기도 양주시 남면 감악산로 63-37   "},{"area":"서울특별시 영등포구","phoneNumber":"031-867-9119","centerName":"한국동물구조관리협회","centerAddr":"  경기도 양주시 남면 감악산로 63-37   "},{"area":"울산광역시 남구","phoneNumber":"052-238-6113","centerName":"울산유기동물보호센터","centerAddr":"  울산광역시 울주군 온양읍 화산발리로 543 (온양읍)   "},{"area":"울산광역시 남구","phoneNumber":"052-277-0075","centerName":"스마일동물병원","centerAddr":"  울산광역시 남구 대학로 112 (무거동)   "},{"area":"서울특별시 동작구","phoneNumber":"02-816-7582","centerName":"디아크동물종합병원","centerAddr":"  서울특별시 동작구 장승배기로27길 18 (노량진동)   "},{"area":"울산광역시 북구","phoneNumber":"052-238-6113","centerName":"울산유기동물보호센터","centerAddr":"  울산광역시 울주군 온양읍 발리   1144"},{"area":"경상북도 구미시","phoneNumber":"054-441-4100","centerName":"구미유기동물보호센터","centerAddr":"  경상북도 구미시 해평면 숭선로 309-11 (해평면)   구미유기동물보호센터"},{"area":"전라북도 전주시","phoneNumber":"063-244-0090","centerName":"행복한동물병원","centerAddr":"  전라북도 전주시 덕진구 인후동1가   806-6"},{"area":"경기도 수원시","phoneNumber":"031-241-2668","centerName":"광교산동물병원","centerAddr":"  경기도 수원시 장안구 영화동   127-39"},{"area":"전라북도 전주시","phoneNumber":"063-247-8875","centerName":"아프리카동물병원","centerAddr":"  전라북도 전주시 덕진구 인후동1가   928-1"},{"area":"전라북도 전주시","phoneNumber":"063-251-1015","centerName":"21세기동물병원","centerAddr":"  전라북도 전주시 덕진구 송천동1가   626-42"},{"area":"전라북도 전주시","phoneNumber":"063-273-7272","centerName":"수동물병원","centerAddr":"  전라북도 전주시 완산구 서신동   28"},{"area":"전라북도 전주시","phoneNumber":"063-231-2455","centerName":"동부동물병원","centerAddr":"  전라북도 전주시 완산구 경원동1가   3-10"},{"area":"전라북도 전주시","phoneNumber":"063-253-2747","centerName":"서신동물병원","centerAddr":"  전라북도 전주시 완산구 서신동   831-4"},{"area":"전라북도 전주시","phoneNumber":"063-284-7774","centerName":"박영재동물병원","centerAddr":"  전라북도 전주시 완산구 전주천서로 111 (서서학동)   "},{"area":"제주특별자치도 제주시","phoneNumber":"064-710-4067","centerName":"제주동물보호센터","centerAddr":"  제주특별자치도 제주시 첨단동길 184-14 (용강동)   "},{"area":"부산광역시 기장군","phoneNumber":"051-701-7599","centerName":"누리동물병원","centerAddr":"  부산광역시 해운대구 송정2로13번길 46 (송정동)   "},{"area":"경상남도 하동군","phoneNumber":"055-880-2436","centerName":"하동군유기동물보호소","centerAddr":"  경상남도 하동군 적량면 동산리   1694"},{"area":"서울특별시 강북구","phoneNumber":"031-867-9119","centerName":"한국동물구조관리협회","centerAddr":"  경기도 양주시 남면 감악산로 63-37 (남면)   "},{"area":"경상남도 산청군","phoneNumber":"010-8502-0707","centerName":"산청동물보호센터","centerAddr":"  경상남도 산청군 산청읍 모고리   1349"},{"area":"서울특별시 서대문구","phoneNumber":"031-867-9119","centerName":"한국동물구조관리협회","centerAddr":"  경기도 양주시 남면 상수리   410-1"},{"area":"서울특별시 송파구","phoneNumber":"031-867-9119","centerName":"한국동물구조관리협회","centerAddr":"  경기도 양주시 남면 상수리   410-1"},{"area":"서울특별시 은평구","phoneNumber":"031-867-9119","centerName":"한국동물구조관리협회","centerAddr":"  경기도 양주시 남면 상수리   410-1"},{"area":"서울특별시 구로구","phoneNumber":"031-867-9119","centerName":"한국동물구조관리협회","centerAddr":"  경기도 양주시 남면 상수리   410-1"},{"area":"경기도 수원시","phoneNumber":"031-252-2119","centerName":"한빛동물병원","centerAddr":"  경기도 수원시 장안구 천천동   527-3번지"},{"area":"경기도 수원시","phoneNumber":"031-293-0285","centerName":"현대동물병원","centerAddr":"  경기도 수원시 권선구 고색동   408-16"},{"area":"강원도 동해시","phoneNumber":"033-522-2990","centerName":"동해시유기동물보호소","centerAddr":"  강원도 동해시 북평동   51-1"},{"area":"부산광역시 북구","phoneNumber":"051-832-7119","centerName":"부산동물보호센터","centerAddr":"  부산광역시 강서구 맥도강변길 752-15 (대저2동)   "},{"area":"부산광역시 서구","phoneNumber":"051-832-7119","centerName":"부산동물보호센터","centerAddr":"  부산광역시 강서구 맥도강변길 752-15 (대저2동)   "},{"area":"강원도 양양군","phoneNumber":"033-670-2459","centerName":"양양군유기동물보호소","centerAddr":"  강원도 양양군 손양면 송현리   278번지"},{"area":"강원도 양구군","phoneNumber":"033-480-2916","centerName":"양구","centerAddr":"  강원도 양구군 남면 양남로 319-31 (남면)   양구군농업기술센터"},{"area":"경상북도 영덕군","phoneNumber":"054-730-6286","centerName":"영덕동물보호센터","centerAddr":"  경상북도 영덕군 영덕읍 구미2길 14-1 (영덕읍)   -"},{"area":"경상남도 고성군","phoneNumber":"010-3551-8261","centerName":"백호종합동물병원","centerAddr":"  경상남도 고성군 고성읍 송학리   260-54"},{"area":"인천광역시 중구","phoneNumber":"032-765-9988","centerName":"경동동물병원","centerAddr":"  인천광역시 중구 개항로 68 (경동)   "},{"area":"경기도 포천시","phoneNumber":"031-867-9119","centerName":"한국동물구조관리협회","centerAddr":"  경기도 양주시 남면 감악산로 63-37 (남면)   한국동물구조관리협회"},{"area":"서울특별시 마포구","phoneNumber":"02-332-0017","centerName":"망원동물병원","centerAddr":"  서울특별시 마포구 망원동   386-2"},{"area":"서울특별시 마포구","phoneNumber":"02-325-2026","centerName":"홍익동물병원","centerAddr":"  서울특별시 마포구 합정동   411-18"},{"area":"서울특별시 마포구","phoneNumber":"02-3142-0008","centerName":"동물사랑동물병원","centerAddr":"  서울특별시 마포구 서교동   476-14"},{"area":"서울특별시 마포구","phoneNumber":"02-707-2340","centerName":"용강동물병원","centerAddr":"  서울특별시 마포구 용강동   494-28"},{"area":"서울특별시 마포구","phoneNumber":"02-6405-7582","centerName":"박창석동물병원","centerAddr":"  서울특별시 마포구 도화동   182-6"},{"area":"경상남도 창원시 마산합포회원구","phoneNumber":"055-225-5627","centerName":"마산유기동물보호소","centerAddr":"  경상남도 창원시 마산합포구 진북면 지산2길 139-112   226-19"},{"area":"서울특별시 양천구","phoneNumber":"02-2642-9159","centerName":"강현림 동물병원","centerAddr":"  서울특별시 양천구 목동    657번지 16호"},{"area":"서울특별시 용산구","phoneNumber":"02-778-7582","centerName":"남산동물병원","centerAddr":"  서울특별시 용산구 후암동   244-60"},{"area":"서울특별시 용산구","phoneNumber":"02-798-7512","centerName":"금강동물병원","centerAddr":"  서울특별시 용산구 이촌동   301-160"},{"area":"서울특별시 용산구","phoneNumber":"02-792-7585","centerName":"라온동물병원","centerAddr":"  서울특별시 용산구 이태원동   225-93"},{"area":"서울특별시 용산구","phoneNumber":"02-792-5455","centerName":"이상윤동물병원","centerAddr":"  서울특별시 용산구 이촌동   300-23"},{"area":"서울특별시 용산구","phoneNumber":"02-706-7975","centerName":"차오름동물병원","centerAddr":"  서울특별시 용산구 산천동   93-1"},{"area":"서울특별시 용산구","phoneNumber":"02-795-2184","centerName":"펫토이동물병원","centerAddr":"  서울특별시 용산구 한남동   653-26"},{"area":"서울특별시 용산구","phoneNumber":"02-792-7602","centerName":"청화동물병원","centerAddr":"  서울특별시 용산구 이태원동   21-1"},{"area":"서울특별시 용산구","phoneNumber":"02-719-7070","centerName":"원효동물병원","centerAddr":"  서울특별시 용산구 원효로2가   30-4"},{"area":"서울특별시 용산구","phoneNumber":"02-3273-0075","centerName":"열린동물병원","centerAddr":"  서울특별시 용산구 원효로2가   84-10"},{"area":"서울특별시 용산구","phoneNumber":"02-794-4945","centerName":"이태원동물병원","centerAddr":"  서울특별시 용산구 이태원동   531"},{"area":"서울특별시 용산구","phoneNumber":"02-793-9230","centerName":"한남동물병원","centerAddr":"  서울특별시 용산구 한남동   642-4"},{"area":"서울특별시 용산구","phoneNumber":"02-749-6750","centerName":"21세기동물병원","centerAddr":"  서울특별시 용산구 보광동   259-1"},{"area":"서울특별시 용산구","phoneNumber":"02-711-4527","centerName":"효창동물병원","centerAddr":"  서울특별시 용산구 효창동   70-11"},{"area":"경상남도 진주시","phoneNumber":"055-749-6134","centerName":"진주시유기동물보호소","centerAddr":"  경상남도 진주시 집현면 신당길207번길 22 (집현면, 지역농업개발시설)   "},{"area":"서울특별시 용산구","phoneNumber":"02-778-7582","centerName":"서울수의사용산구분회","centerAddr":"  서울특별시 용산구 후암동   244-60"},{"area":"서울특별시 노원구","phoneNumber":"031-868-2851","centerName":"동물구조관리협회","centerAddr":"  경기도 양주시 남면 감악산로 63-37 (남면)   "},{"area":"서울특별시 도봉구","phoneNumber":"031-867-9119","centerName":"한국동물구조관리협회","centerAddr":"  경기도 양주시 남면   상수리 410-1"},{"area":"서울특별시 성북구","phoneNumber":"031-867-9119","centerName":"한국동물구조관리협회","centerAddr":"  경기도 양주시 남면 감악산로 63-37 (남면)   "},{"area":"경상남도 양산시","phoneNumber":"055-392-5337","centerName":"양산시유기동물보호소","centerAddr":"  경상남도 양산시 동면 석산리   392 양산시농업기술센터"},{"area":"전라남도 해남군","phoneNumber":"061-533-1141","centerName":"해남군유기동물보호소","centerAddr":"  전라남도 해남군 해남읍 해리   355-4"},{"area":"인천광역시 부평구","phoneNumber":"032-528-1359","centerName":"백마동물병원","centerAddr":"  인천광역시 부평구 부평동   431-15"},{"area":"경상남도 거제시","phoneNumber":"055-639-6368","centerName":"거제시유기동물보호소","centerAddr":"  경상남도 거제시 사등면 사곡리   375-1번지"},{"area":"경기도 수원시","phoneNumber":"031-204-9006","centerName":"신영통동물병원","centerAddr":"  경기도 수원시 영통구 망포동   570-5"},{"area":"경기도 수원시","phoneNumber":"031-224-2470","centerName":"에덴동물병원","centerAddr":"  경기도 수원시 팔달구 매교동   141-5"},{"area":"경기도 수원시","phoneNumber":"031-239-7585","centerName":"정동물병원","centerAddr":"  경기도 수원시 팔달구 인계동   1135-7"},{"area":"경기도 수원시","phoneNumber":"031-294-8277","centerName":"연두동물병원","centerAddr":"  경기도 수원시 권선구 서수원로577번길 341 (금곡동, 수원모아미래도센트럴타운1단지)   상가동 1층 B127호"},{"area":"경기도 수원시","phoneNumber":"031-236-7582","centerName":"고병기동물병원","centerAddr":"  경기도 수원시 권선구 권선동   1192-2"},{"area":"경기도 수원시","phoneNumber":"031-225-7533","centerName":"두리동물병원","centerAddr":"  경기도 수원시 권선구 세류동   150-8"},{"area":"경기도 수원시","phoneNumber":"031-245-8961","centerName":"장안동물병원","centerAddr":"  경기도 수원시 장안구 송원로 83 (조원동)   장안동물병원"},{"area":"경기도 수원시","phoneNumber":"031-253-4313","centerName":"레오동물병원","centerAddr":"  경기도 수원시 장안구 정자동   874-2 롯데프라자 206호"},{"area":"울산광역시 남구","phoneNumber":"052-224-8275","centerName":"남산동물병원","centerAddr":"  울산광역시 남구 북부순환도로 40 (무거동)   "},{"area":"울산광역시 남구","phoneNumber":"052-273-5911","centerName":"미래펫동물병원","centerAddr":"  울산광역시 남구 중앙로 218-1 (신정동)   "},{"area":"울산광역시 남구","phoneNumber":"052-273-0075","centerName":"사랑동물병원","centerAddr":"  울산광역시 남구 중앙로 165-1 (신정동)   "},{"area":"전라북도 남원시","phoneNumber":"063-633-3533","centerName":"청원동물병원","centerAddr":"  전라북도 남원시 죽항동   278번지"},{"area":"충청북도 단양군","phoneNumber":"011-822-4351","centerName":"단양군유기동물보호소","centerAddr":"  충청북도 단양군 매포읍 우덕리   910번지"},{"area":"경기도 오산시","phoneNumber":"031-372-9325","centerName":"오산시수의사회","centerAddr":"  경기도 오산시 성호대로 36 (오산동)   "},{"area":"경기도 군포시","phoneNumber":"031-394-2259","centerName":"군포시 보호소","centerAddr":"  경기도 군포시 산본동   213번지 9호 외 1필지 2층"},{"area":"경기도 평택시","phoneNumber":"031-8024-3849","centerName":"평택시유기동물보호소","centerAddr":"  경기도 평택시 진위면 야막길 108-86 (진위면)   "},{"area":"경기도 부천시","phoneNumber":"032-677-5262","centerName":"24시아이동물메디컬","centerAddr":"  경기도 부천시 오정구 원종동   229-8"},{"area":"경상남도 창원시 진해구","phoneNumber":"055-225-5701","centerName":"진해유기동물보호소","centerAddr":"  경상남도 창원시 진해구 웅천로 218 (성내동, 농업기술센터)   205번지"},{"area":"충청남도 청양군","phoneNumber":"041-940-2973","centerName":"종합동물병원","centerAddr":"  충청남도 청양군 청양읍 읍내리   209-29"},{"area":"전라북도 무주군","phoneNumber":"063-320-2829","centerName":"무주군","centerAddr":"  전라북도 무주군 무주읍 당산리   농업기술센터"},{"area":"서울특별시 성동구","phoneNumber":"031-867-9119","centerName":"한국동물구조관리협회","centerAddr":"  경기도 양주시 남면 상수리   410-1"},{"area":"대구광역시 중구","phoneNumber":"053-764-3708","centerName":"대구광역시수의사회","centerAddr":"  대구광역시 북구 호국로 229 (서변동)   대구경북수의사회관 6층"},{"area":"서울특별시 광진구","phoneNumber":"031-867-9119","centerName":"동물구조관리협회","centerAddr":"  경기도 양주시 남면 상수리   410-1"},{"area":"강원도 원주시","phoneNumber":"033-731-1119","centerName":"원주유기동물보호센터","centerAddr":"  강원도 원주시 호저면 칠봉로 110-6   "},{"area":"울산광역시 중구","phoneNumber":"052-297-0979","centerName":"울산동물병원","centerAddr":"  울산광역시 중구 학성공원13길 45 (학성동)   "},{"area":"울산광역시 북구","phoneNumber":"052-288-7572","centerName":"쿨펫동물병원","centerAddr":"  울산광역시 북구 진장유통로 64 (진장동, 롯데마트)   4층 쿨펫동물병원"},{"area":"울산광역시 북구","phoneNumber":"052-295-8875","centerName":"이솝동물병원","centerAddr":"  울산광역시 북구 호계동   258-15"},{"area":"경기도 의정부시","phoneNumber":"031-867-9119","centerName":"한국동물구조관리협회","centerAddr":"  경기도 양주시 남면 상수리   410-1"},{"area":"경기도 양주시","phoneNumber":"031-867-9119","centerName":"한국동물구조관리협회","centerAddr":"  경기도 양주시 남면 감악산로 63-37 (남면)   "},{"area":"경기도 안산시","phoneNumber":"031-296-0124","centerName":"(사)한동보","centerAddr":"  경기도 안산시 상록구 청곡길 50 (부곡동)   안산시 상록구 부곡동 231-5"},{"area":"경상남도 창원시 의창성산구","phoneNumber":"055-225-5541","centerName":"창원유기동물보호소","centerAddr":"  경상남도 창원시 의창구 창이대로 71 (명서동, 창원시농업기술센터)   창원지도과"},{"area":"강원도 정선군","phoneNumber":"033-562-5901","centerName":"현대가축병원","centerAddr":"  강원도 정선군 정선읍 봉양리   3리 현대가축병원"},{"area":"경기도 안성시","phoneNumber":"031-673-5858","centerName":"이성준동물병원","centerAddr":"  경기도 안성시 봉남동   326-2"},{"area":"충청북도 영동군","phoneNumber":"043-744-4209","centerName":"최종주동물병원","centerAddr":"  충청북도 영동군 영동읍 계산로 54 (영동읍, 최종주동물병원)   "},{"area":"인천광역시 미추홀구","phoneNumber":"032-515-7567","centerName":"인천광역시 수의사회","centerAddr":"  인천광역시 계양구 다남동   35-8"},{"area":"인천광역시 남동구","phoneNumber":"032-515-7567","centerName":"인천수의사회","centerAddr":"  인천광역시 계양구 다남동   35-8"},{"area":"대전광역시 유성구","phoneNumber":"042-825-1118","centerName":"대전동물보호센터","centerAddr":"  대전광역시 유성구 갑동로15번길 20-39 (갑동)   대전동물보호센터"},{"area":"대전광역시 서구","phoneNumber":"042-825-1118","centerName":"대전동물보호센터","centerAddr":"  대전광역시 유성구 갑동로15번길 20-39 (갑동)   "},{"area":"인천광역시 계양구","phoneNumber":"032-552-0075","centerName":"신영재동물병원","centerAddr":"  인천광역시 계양구 장제로 923 (병방동)   "},{"area":"전라북도 전주시","phoneNumber":"063-227-4975","centerName":"프렌즈동물병원","centerAddr":"  전라북도 전주시 완산구 삼천동1가   592-1"},{"area":"인천광역시 강화군","phoneNumber":"032-934-9340","centerName":"베스트동물병원","centerAddr":"  인천광역시 강화군 강화읍 강화대로 217 (강화읍, 린나이보일러)   "},{"area":"경기도 가평군","phoneNumber":"031-580-4763","centerName":"가평군유기동물보호소","centerAddr":"  경기도 가평군 가평읍 아랫마장길 59 (가평읍, 농업기술센터)   가평 유기동물 보호소(10:00~18:00)"},{"area":"서울특별시 강서구","phoneNumber":"031-867-9119","centerName":"한국동물구조관리협회","centerAddr":"  경기도 양주시 남면 상수리   410-1"},{"area":"경상남도 함안군","phoneNumber":"055-580-4462","centerName":"함안군동물보호소","centerAddr":"  경상남도 함안군 가야읍 함안대로 755   "},{"area":"전라남도 화순군","phoneNumber":"010-9968-9241","centerName":"화순위탁보호소","centerAddr":"  전라남도 화순군 화순읍 한고을길 42 (화순읍)   "},{"area":"전라남도 영광군","phoneNumber":"011-647-2976","centerName":"대마동물보호소","centerAddr":"  전라남도 영광군 대마면 홍교리   397-8"},{"area":"제주특별자치도 서귀포시","phoneNumber":"064-710-4067","centerName":"제주동물보호센터","centerAddr":"  제주특별자치도 제주시 첨단동길 184-14 (용강동)   "},{"area":"경상남도 함양군","phoneNumber":"055-963-7615","centerName":"중앙동물병원","centerAddr":"  경상남도 함양군 함양읍 함양남서로 996-76 (함양읍, 농업기술센터)   "},{"area":"강원도 태백시","phoneNumber":"010-6380-5566","centerName":"태백유기동물","centerAddr":"  강원도 태백시 문의재로 5 (통동)   "},{"area":"강원도 평창군","phoneNumber":"010-3397-9150","centerName":"평창군유기동물보호소","centerAddr":"  강원도 평창군 진부면 청송로 61   "}]}