{
	"folders": {},
	"connections": {
		"oracle_thin-16c4a85b1cf-5745acc9991d43b": {
			"provider": "oracle",
			"driver": "oracle_thin",
			"name": "Oracle - XE",
			"save-password": true,
			"read-only": false,
			"configuration": {
				"host": "localhost",
				"port": "1521",
				"database": "XE",
				"url": "jdbc:oracle:thin:@//localhost:1521/XE",
				"home": "C:\\oraclexe\\app\\oracle\\product\\11.2.0\\server",
				"type": "dev",
				"provider-properties": {
					"@dbeaver-always-use-dba-views@": "false",
					"@dbeaver-sid-service@": "SERVICE",
					"@dbeaver-meta-use-simple-constraints@": "false",
					"@dbeaver-use-rule-hint@": "false",
					"@dbeaver-use-meta-optimizer@": "false",
					"@dbeaver-connection-type@": "BASIC",
					"@dbeaver-check-schema-content@": "false",
					"@dbeaver-meta-use-sys-schema@": "false",
					"@dbeaver-always-show-dba@": "false"
				},
				"handlers": {
					"ssh_tunnel": {
						"type": "TUNNEL",
						"enabled": false,
						"save-password": true,
						"properties": {
							"sshConnectTimeout": "10000",
							"port": "22",
							"keyPath": "",
							"implementation": "jsch",
							"host": "",
							"authType": "PASSWORD"
						}
					},
					"socks_proxy": {
						"type": "PROXY",
						"enabled": false,
						"save-password": true,
						"properties": {
							"socks-host": "",
							"socks-port": "1080"
						}
					}
				}
			}
		}
	}
}