<?xml version="1.0" encoding="UTF-8"?>
<beans:beans xmlns="http://www.springframework.org/schema/security"
    xmlns:beans="http://www.springframework.org/schema/beans"
	xmlns:xsi="http://www.w3.org/2001/XMLSchema-instance"
	xsi:schemaLocation="http://www.springframework.org/schema/security http://www.springframework.org/schema/security/spring-security.xsd
		http://www.springframework.org/schema/beans http://www.springframework.org/schema/beans/spring-beans-4.3.xsd">
    <http pattern="/resources/**" security="none"></http>
    <!-- 검사 URL -->
    <http use-expressions="true">
        <intercept-url pattern="/main.do" access="permitAll" />
        <intercept-url pattern="/loginform.do" access="permitAll" />
        <intercept-url pattern="/joinform.do" access="permitAll" />
        <intercept-url pattern="/admin/**" access="hasRole('ADMIN')" />
        <intercept-url pattern="/**" access="permitAll" />
        
        <csrf disabled="true"/>
        
        <form-login login-page="/loginform.do"
                    default-target-url="/main.do"
                    authentication-failure-url="/joinform.do"
                    username-parameter="id"
                    password-parameter="password" />
        <logout logout-url="/logout"
                logout-success-url="/main.do" />
                
<!--         <access-denied-handler error-page="/login/accessDenied.do" /> -->
    </http>
    
    <beans:bean id="userDetailsService" class="org.springframework.security.core.userdetails.jdbc.JdbcDaoImpl">
        <beans:property name="dataSource" ref="dataSource"/>
    </beans:bean>
    
    <!--  provider  -->
    <authentication-manager>
        <authentication-provider>
        <jdbc-user-service 
            data-source-ref="dataSource"
            role-prefix=""
            users-by-username-query="select username, password, enabled from users where username = ?"
            authorities-by-username-query="select username, authority from authorities where username = ?"
            group-authorities-by-username-query="select g.id, g.group_name, ga.authority from groups g, group_members gm, group_authorities ga where gm.username = ? and g.id = ga.group_id and g.id = gm.group_id"
        />
        </authentication-provider>
    </authentication-manager>
    
    
   
</beans:beans>