<?xml version="1.0" encoding="UTF-8"?>
<!DOCTYPE mapper PUBLIC "-//mybatis.org//DTD Mapper 3.0//EN" "http://mybatis.org/dtd/mybatis-3-mapper.dtd" >
<mapper namespace="animal">

	<!-- db에 보호소 목록 저장하는 쿼리 -->
	<insert id="aniInsert" parameterType="map">
		INSERT ALL
		<foreach collection="list" item="ani">
			INTO ANIMAL_SHELTER(AREA,CENTERNAME,PHONENUMBER,CENTERADDR)
			VALUES(#{ani.area},#{ani.centerName},#{ani.phoneNumber},#{ani.centerAddr})
		</foreach>
		SELECT * FROM DUAL
	</insert>

	<!-- db에서 보호소 목록 가져오는 쿼리 -->
	<select id="aniSelectList" parameterType="map"
		resultType="animalDto">
		
		SELECT *
		FROM (SELECT ROWNUM AS RNUM, P.*
			 FROM ( SELECT * 
			 		FROM ANIMAL_SHELTER 
					 <if test="txt_search != null">
							WHERE upper(CENTERNAME) like '%' || upper(#{txt_search}) || '%'
					</if>
						ORDER BY AREA
						) P
			 )
		WHERE RNUM BETWEEN #{firstIndex} +1 AND #{firstIndex} +	#{recordCountPerPage}
	</select>
	
	<!-- db 목록 갯수 가져오는 쿼리 -->
	<select id="selectTotalCount" parameterType="map"
		resultType="Integer">
		SELECT count(*)
		FROM ANIMAL_SHELTER
		<if test="txt_search != null">
			WHERE upper(CENTERNAME) like '%' || upper(#{txt_search}) || '%'
		</if>
	</select>

</mapper>
